No.,Code,Book No.,Name,Author,Ex.,Price(฿),Page,Category,Langues,Stock(s),Rating,รูป,อ้างอิง,Soure รูป
1,PSY_DI001,001,Becoming Supernatural,"Dispenza, Dr Joe","New York Times bestselling author Dr Joe Dispenza offers a programme that helps readers achieve a healthier, more efficient body, mind and spirit, based on research conducted at his workshops since 2012, in which he uses the most cutting-edge tools and techniques.",225,176,Psychology.,ENG,547,,,https://www.naiin.com/product/detail/477714,https://storage.naiin.com/system/application/bookstore/resource/product/201904/477714/1000218611_front_XXL.jpg?imgname=%E0%B8%84%E0%B8%B4%E0%B8%94%E0%B9%81%E0%B8%9A%E0%B8%9A%E0%B8%A2%E0%B8%B4%E0%B8%A7-%E0%B8%97%E0%B8%B3%E0%B9%81%E0%B8%9A%E0%B8%9A%E0%B8%8D%E0%B8%B5%E0%B9%88%E0%B8%9B%E0%B8%B8%E0%B9%88%E0%B8%99-BOOK-3:-%E0%B9%80%E0%B8%A3%E0%B8%B5%E0%B8%A2%E0%B8%99-%E0%B8%A7%E0%B8%B4%E0%B8%8A%E0%B8%B2%E0%B8%84%E0%B8%99-%E0%B8%81%E0%B8%B1%E0%B8%9A%E0%B9%80%E0%B8%92%E0%B9%88%E0%B8%B2%E0%B8%A2%E0%B8%B4%E0%B8%A7
2,PSY_CA002,002,Quiet : The Power of Introverts in a World That Can't Stop Talking,"Cain, Susan","Our lives are driven by a fact that most of us can't name and don't understand. It defines who our friends and lovers are, which careers we choose, and whether we blush when we're embarrassed. This title shows how the brain chemistry of introverts and extroverts differs, and how society misunderstands and undervalues introverts.",454,352,Psychology.,ENG,910,,,https://thailand.kinokuniya.com/bw/9780141029191,https://bci.kinokuniya.com/jsp/images/book-img/97801/97801410/9780141029191.JPG
3,PSY_MO003,003,13 Things Mentally Strong Women Don't Do,"Morin, Amy","International bestselling author and leading global expert on mental strength Amy Morin turns her focus to female empowerment for the modern day, explaining what it means - and what it takes - to be a mentally strong woman in a post- #MeToo and #TimesUp age.",441,?,Psychology.,ENG,467,,,https://thailand.kinokuniya.com/bw/9781529358452,https://bci.kinokuniya.com/jsp/images/book-img/97815/97815293/9781529358452.JPG
4,PSY_ES004,004,Women Who Run with the Wolves,"Estes, Clarissa Pinkola","Chosen by Emma Watson for her feminist book club 'Our Shared Shelf' 'Women Who Run With The Wolves is a gift of profound insight, wisdom and love. An oracle from one who knows' Alice Walker In the classic Women Who Run With The Wolves, Clarissa Pinkola Estes tells us about the 'wild woman', the wise and ageless presence in the female psyche that gives women their creativity, energy and power. For centuries, the 'wild woman' has been repressed by a male-orientated value system which trivialises women's emotions. Using a combination of time-honoured stories and contemporary casework, Estes reveals that the 'wild woman' in us is innately healthy, passionate and wise. Thoughtfully written and compelling in its arguments, Women Who Run With The Wolves gives readers a new sense of direction, a self confidence and purpose in their lives.",574,?,Psychology.,ENG,63,,,https://thailand.kinokuniya.com/bw/9781846041099,https://bci.kinokuniya.com/jsp/images/book-img/97818/97818460/9781846041099.JPG
5,PSY_ER005,005,Surrounded by Idiots,"Erikson, Thomas",The Four Types of Human Behavior and How to Effectively Communicate with Each in,376,304,Psychology.,ENG,99,,,https://thailand.kinokuniya.com/bw/9781250255174,https://bci.kinokuniya.com/jsp/images/book-img/97812/97812502/9781250255174.JPG
6,PSY_WA006,006,"Depression, Anxiety, and Other Things We Don't Want to Talk about","Waller, Ryan Casey","""A pastor and licensed psychotherapist himself suffering from depression and anxiety takes on the relationship of mental health and faith while addressing the role of self-care, compassion, and restoration""--",602,235,Psychology.,ENG,648,,,https://thailand.kinokuniya.com/bw/9781400221325,https://bci.kinokuniya.com/jsp/images/book-img/97814/97814002/9781400221325.JPG
1,HUM_CA001,001,How We Learn,"Carey, Benedict","A leading New York Times neuroscientist presents a lighthearted exploration of what is known about learning and memory today that considers how to adapt negative characteristics, like ignorance and laziness, to expand learning potential. 50,000 first printing.",528,254,Humanities / Science,ENG,144,,,https://thailand.kinokuniya.com/bw/9780812984293,https://bci.kinokuniya.com/jsp/images/book-img/97808/97808129/9780812984293.JPG
2,HUM_HA002,002,Sapiens : A Graphic History,"Harari, Yuval Noah / Casanave, Daniel (ILT)","""Traces the dominance of homo sapiens above other species while explaining how evolution has shaped our understanding of what it means to be human""--",848,245,Humanities / Science,ENG,81,,,https://thailand.kinokuniya.com/bw/9780063051331,https://bci.kinokuniya.com/jsp/images/book-img/97800/97800630/9780063051331.JPG
3,HUM_WA003,003,Why We Sleep : The New Science of Sleep and Dreams,"Walker, Matthew","Sleep is one of the most important aspects of our life, health and longevity and yet it is increasingly neglected in twenty-first-century society, with devastating consequences: every major disease in the developed world - Alzheimer's, cancer, obesity, diabetes - has very strong causal links to deficient sleep. In this book, the first of its kind written by a scientific expert, Professor Matthew Walker explores twenty years of cutting-edge research to solve the mystery of why sleep matters.",477,368,Humanities / Science,ENG,672,,,https://thailand.kinokuniya.com/bw/9780141983769,https://bci.kinokuniya.com/jsp/images/book-img/97801/97801419/9780141983769.JPG
4,HUM_HA004,004,Brief Answers to the Big Questions,"Hawking, Stephen",The world-famous cosmologist and #1 bestselling author of A Brief History of Time leaves us with his final thoughts on the universe's biggest questions in this brilliant posthumous work.,453,272,Humanities / Science,ENG,94,,,https://thailand.kinokuniya.com/bw/9781473695993,https://bci.kinokuniya.com/jsp/images/book-img/97814/97814736/9781473695993.JPG
5,HUM_JE005,005,Why We Eat (Too Much),"Jenkinson, Dr Andrew","The Sunday Times bestseller that explains the new science behind weight loss and how we can get in shape without counting calories. 'A compelling look at the science of appetite and metabolism' Vogue 'This book tells us the truth about weight loss' Dr Rangan Chatterjee _______________ We've all heard the golden rule: eat less, exercise more and you'll lose weight. But what if it isn't that simple? For over two decades, weight loss surgeon Dr Andrew Jenkinson has treated thousands of people who have become trapped in the endless cycle of dieting. Why We Eat (Too Much), combines case studies from his practice and the new science of metabolism to illuminate how our appetite really works. Debunking myths of about body and systematically explaining why dieting is counter-productive, this unflinching book investigates every aspect of nutrition: from the 'set weight point' that is unique to all of us, to good and bad fats, and from how genes impact our weight to how our hormones are affected after a diet ends. With a new chapter about the link between obesity and COVID-19, this incredible book will help you understand your body better than ever before. _______________ 'Articulate, clear, a joy to read, this is a book that really needed written' Joanna Blythman, author of Swallow This 'Highly persuasive . . . a radical approach to weight loss' Sunday Times 'Debunks the myths around dieting and weight-loss' Telegraph",441,352,Humanities / Science,ENG,22,,,https://www.asiabooks.com/249016.html,https://bci.kinokuniya.com/jsp/images/book-img/97802/97802414/9780241400531.JPG
6,HUM_IS006,006,Leonardo Da Vinci ,"Isaacson, Walter","The author of the acclaimed bestsellers Benjamin Franklin, Einstein, and Steve Jobs delivers an engrossing biography of Leonardo da Vinci, the world's most creative genius.",607,???,Humanities / Science,ENG,8791,,,https://thailand.kinokuniya.com/bw/9781471166785,https://bci.kinokuniya.com/jsp/images/book-img/97814/97814711/9781471166785.JPG
7,HUM_PA007,007,Explaining Humans,"Pang, Camilla","WINNER OF THE ROYAL SOCIETY INSIGHT INVESTMENT SCIENCE BOOK PRIZE 2020 How proteins, machine learning and molecular chemistry can teach us about the complexities of human behaviour and the world around us How do we understand the people around us? How do we recognise people's motivations, their behaviour, or even their facial expressions? And, when do we learn the social cues that dictate human behaviour? Diagnosed with Autism Spectrum Disorder at the age of eight, Camilla Pang struggled to understand the world around her and the way people worked. Desperate for a solution, Camilla asked her mother if there was an instruction manual for humans that she could consult. But, without the blueprint to life she was hoping for, Camilla began to create her own. Now armed with a PhD in biochemistry, Camilla dismantles our obscure social customs and identifies what it really means to be human using her unique expertise and a language she knows best: science. Through a set of scientific principles, this book examines life's everyday interactions including: - Decisions and the route we take to make them; - Conflict and how we can avoid it; - Relationships and how we establish them; - Etiquette and how we conform to it. Explaining Humans is an original and incisive exploration of human nature and the strangeness of social norms, written from the outside looking in. Camilla's unique perspective of the world, in turn, tells us so much about ourselves - about who we are and why we do it - and is a fascinating guide on how to lead a more connected, happier life.",441,256,Humanities / Science,ENG,142,,,https://thailand.kinokuniya.com/bw/9780241987117,https://bci.kinokuniya.com/jsp/images/book-img/97802/97802419/9780241987117.JPG
8,HUM_TO008,008,Sociology Book : Big Ideas Simply Explained,"Tomley, Sarah / Hobbs, Mitchell / Todd, Megan / Weeks, Marcus / Dk","Part of the popular Big Ideas series, this book introduces you to the subject that tells you all about what society is and what makes it tick. It includes over 80 ideas from the world's renowned sociologists, covering topics as diverse as issues of equality, diversity, identity and human rights; the effects of globalization; and more.",784,352,Humanities / Science,ENG,64,,,https://thailand.kinokuniya.com/bw/9780241182291,https://bci.kinokuniya.com/jsp/images/book-img/97802/97802411/9780241182291.JPG
9,HUM_SH009,009,What We Owe Each Other,"Shafik, Minouche","One of the world's most influential economists sets out the basis for a new social contract fit for the 21st century This landmark study by Minouche Shafik, Director of the LSE, draws on evidence from across the globe to show that the social contract - how we pool risks, share resources and balance individual and collective responsibility - shapes not just our wealth and opportunities but the very fabric of our lives. And yet societies everywhere are failing to adapt to the global upheavals of technology, demography and climate, leading to a breakdown in mutual trust the world over. Brilliantly lucid and accessible, What We Owe Each Other draws on a wealth of evidence and learning to outline the basic principles that every society must adopt to meet these challenges. Reshaping the social contract will have profound implications for gender equality, education, healthcare provision, the role of business and the future of work. This book will equip every reader to understand and play their part in this urgent and necessary transformation.",662,??,Humanities / Science,ENG,97,,,https://thailand.kinokuniya.com/bw/9781847926890,https://bci.kinokuniya.com/jsp/images/book-img/97818/97818479/9781847926890.JPG
10,HUM_EL010,010,How Not to Be Wrong : The Hidden Maths of Everyday Life,"Ellenberg, Jordan","Explores the mathematician's method of analyzing life, from the everyday to the cosmic, showing us which numbers to defend, which ones to ignore and when to change the equation entirely. This book tells us that maths touches on everything we do, and a little mathematical knowledge reveals the hidden structures that lie beneath the chaotic surface.",485,480,Humanities / Science,ENG,23,,,https://thailand.kinokuniya.com/bw/9780718196042,https://bci.kinokuniya.com/jsp/images/book-img/97807/97807181/9780718196042.JPG
1,CHI_KE001,001,Deficit Myth ,"Kelton, Stephanie",Modern Monetary Theory and the Birth of the People's Economy,536,??,Children's Books,ENG,71,,,https://thailand.kinokuniya.com/bw/9781541757110,https://bci.kinokuniya.com/jsp/images/book-img/97815/97815417/9781541757110.JPG
2,CHI_BA002,002,Shadow and Bone,"Bardugo, Leigh","Enter the Grishaverse with book one of the Shadow and Bone Trilogy by number one New York Times-bestselling author, Leigh Bardugo. Perfect for fans of Laini Taylor and Sarah J. Maas. Now with a stunning new cover and exclusive bonus material: The Demon in the Wood (a Darkling prequel story) and a Q&A with Leigh Bardugo.",324,??,Children's Books,ENG,321,,,https://thailand.kinokuniya.com/bw/9781510105249,https://bci.kinokuniya.com/jsp/images/book-img/97815/97815101/9781510105249.JPG
3,CHI_SI003,003,Phoebe and Her Unicorn 13,"Simpson, Dana","With over 1.7 million copies sold, the Phoebe and Her Unicorn series for middle-grade readers is a magical world of unicorns, adventure, and friendship.",391,174,Children's Books,ENG,150,,,https://thailand.kinokuniya.com/bw/9781524864767,https://bci.kinokuniya.com/jsp/images/book-img/97815/97815248/9781524864767.JPG
4,CHI_GR004,004,Investigators Take the Plunge,"Green, John Patrick / Polk, Aaron (ILT)","""S.U.I.T. headquarters is under attack, and Mango and Brash are going undercover and underground disguised as city sewer workers to unclog a sticky situation. But when their search for the criminal Crackerdile backfires, the toilets they travel through back up--and the InvestiGators take the blame for it! Can Mango and Brash restore their good name and put the real culprit behind bars before the whole city is in deep water?""--",292,200,Children's Books,ENG,1239,,,https://thailand.kinokuniya.com/bw/9781250219985,https://bci.kinokuniya.com/jsp/images/book-img/97812/97812502/9781250219985.JPG
5,CHI_KI005,005,Diary of a Wimpy Kid,"Kinney, Jeff","This was Mom's idea, not mine. But if she thinks I'm going to write down my ""feelings"" in here or whatever, she's crazy. The only reason I agreed to do this at all is because I figure later on when I'm rich and famous, this book is gonna come in handy. But for now I'm stuck with a bunch of morons.",204,224,Children's Books,ENG,245,,,https://thailand.kinokuniya.com/bw/9780141324906,https://bci.kinokuniya.com/jsp/images/book-img/97801/97801413/9780141324906.JPG
6,CHI_RH006,006,The Guardian of the Dragon Gem,"RH Disney (COR) / Francis, Suzanne (ADP) / Shimabukuro, Denise (ILT) / Di","Introduces Raya, a lone warrior from the fantasy kingdom of Kumandra who teams up with a crew of misfits in her quest to find the last dragon and bring light and unity back to their world.",195,24,Children's Books,ENG,100,,,https://thailand.kinokuniya.com/bw/9780736441100,https://bci.kinokuniya.com/jsp/images/book-img/97807/97807364/9780736441100.JPG
7,CHI_MO007,007,Kensuke's Kingdom,"Morpurgo, Michael","I disappeared on the night before my twelfth birthday. Washed up on an island in the Pacific, Michael struggles to survive on his own. With no food and no water, he curls up to die. When he wakes, there is a plate beside him of fish, of fruit, and a bowl of fresh water. He is not alone ... From the author of the internationally acclaimed War Horse, this is a spellbinding adventure story about friendship and survival. Kensuke's Kingdom was shortlisted for the Whitbread Prize and won the FCB Award",284,????,Children's Books,ENG,197,,,https://thailand.kinokuniya.com/bw/9781405281799,https://bci.kinokuniya.com/jsp/images/book-img/97814/97814052/9781405281799.JPG
8,CHI_MA008,008,The Wonderful Things You Will Be,"Martin, Emily Winfield","A gift-appropriate celebration of every child's potential combines sumptuous gatefold spreads with uplifting rhyming text that conveys a caregiver's unconditional love for children, regardless of what they grow-up to be and do. Simultaneous eBook.",503,32,Children's Books,ENG,133,,,https://thailand.kinokuniya.com/bw/9780385376716,https://bci.kinokuniya.com/jsp/images/book-img/97803/97803853/9780385376716.JPG
9,CHI_WA009,009,The Midnight Gang,"Walliams, David / Ross, Tony (ILL)","Welcome to the Midnight Gang! Midnight is the time when all children are fast asleep, except of course for... the Midnight Gang. That is when their adventures are just beginning...",286,480,Children's Books,ENG,367,,,https://thailand.kinokuniya.com/bw/9780008164621,https://bci.kinokuniya.com/jsp/images/book-img/97800/97800081/9780008164621.JPG
10,CHI_JE010,010,Here We Are: Notes for Living on Planet Earth,"Jeffers, Oliver","#1 New York Times Bestseller and #1 TIME Best Book of the Year for 2017. Audio Production Awards, Audio Performer of the Year - Gold Winner, 2018 This book and CD edition of the exquisite and thought-provoking Here We Are comes with heartfelt, award-winning audio, read by the internationally best-selling creator himself, Oliver Jeffers! Well, hello. And welcome to this Planet. We call it Earth. Our world can be a bewildering place, especially if you've only just got here. Your head will be filled with questions, so let's explore what makes our planet and how we live on it. From land and sky, to people and time, these notes can be your guide and start you on your journey. And you'll figure lots of things out for yourself. Just remember to leave notes for everyone else... Some things about our planet are pretty complicated, but things can be simple, too: you've just got to be kind. Here We Are is the utterly heartfelt new book from Oliver Jeffers. We're glad you found it. ""An optimistic snapshot of contemporary life, this heartfelt hug of a book ought to become a classic"" The Guardian",397,48,Children's Books,ENG,74,,,https://thailand.kinokuniya.com/bw/9780008354749,https://bci.kinokuniya.com/jsp/images/book-img/97800/97800083/9780008354749.JPG
1,CAR_KI001,001,Complete Writing Guide,"King, Graham","8 books condensed into one, this compendium writing guide is for everyone looking to improve their writing skills, grammar, spelling and punctuation in one easy step.",441,832,Career Academic Textbooks,ENG,679,,,https://thailand.kinokuniya.com/bw/9780007523535,https://bci.kinokuniya.com/jsp/images/book-img/97800/97800075/9780007523535.JPG
2,CAR_LE002,002,Medical School Interviews,"Lee, George / Picard, Olivier","Contains up-to-date NHS issues and extensive information on the MMI process. Presents a look at over 150 medical school interview questions. This book provides with techniques to address various types of questions, analyses good and bad examples of answers, teaches you how to add depth to your answers.",1121,???,Career Academic Textbooks,ENG,315,,,https://thailand.kinokuniya.com/bw/9781905812059,https://bci.kinokuniya.com/jsp/images/book-img/97819/97819058/9781905812059.JPG
3,CAR_CU003,003,Cambridge Vocabulary for Ielts,"Cullen, Pauline",The book covers the vocabulary needed by students aiming for band 6 in the IELTS test and provides students with practice of test tasks from each paper.,819,174,Career Academic Textbooks,ENG,24,,,https://thailand.kinokuniya.com/bw/9780521709750,https://bci.kinokuniya.com/jsp/images/book-img/97805/97805217/9780521709750.JPG
4,CAR_PI004,004,Complete Biology for Cambridge Igcse Rg Revision Guide,"Pickering, Ron","The Complete Biology for Cambridge IGCSE (R) Revision Guide Third Edition is for the previous syllabus, last examination 2022. The guide provides everything students need to build exam confidence, including practice questions and answers, as well as revision and assessment advice from an experienced teacher.",839,182,Career Academic Textbooks,ENG,98,,,https://thailand.kinokuniya.com/bw/9780198308720,https://bci.kinokuniya.com/jsp/images/book-img/97801/97801983/9780198308720.JPG
5,CAR_NO005,005,Complete Chemistry for Cambridge IGCSE Workbook,"Norris, Roger","Directly supporting the bestselling Complete Chemistry for Cambridge IGCSE Third Edition, this Workbook is matched to the previous syllabus, last examination 2022. It equips students with essential practice and fully develops the sophisticated scientific skills key to achievement in assessment.",448,178,Career Academic Textbooks,ENG,176,,,https://thailand.kinokuniya.com/bw/9780198374657,https://bci.kinokuniya.com/jsp/images/book-img/97801/97801983/9780198374657.JPG
6,CAR_PR006,006,"Princeton Review Ap Computer Science a Prep, 2021",Princeton Review (COR),-,590,419,Career Academic Textbooks,ENG,39,,,https://thailand.kinokuniya.com/bw/9780525569497,https://bci.kinokuniya.com/jsp/images/book-img/97805/97805255/9780525569497.JPG
7,CAR_PR007,007,The Princeton Review 5 Practice Exams for the GED Test,Princeton Review (COR),"Providing five complete practice exams, a guide for prospective GED test-takers includes 830 realistic practice questions, as well as accompanying answer explanations. Original.",693,610,Career Academic Textbooks,ENG,418,,,https://thailand.kinokuniya.com/bw/9780525569251,https://bci.kinokuniya.com/jsp/images/book-img/97805/97805255/9780525569251.JPG
8,CAR_PH008,008,The College Panda's 10 Practice Tests for the SAT Math,"Phu, Nielson",-,1118,268,Career Academic Textbooks,ENG,111,,,https://thailand.kinokuniya.com/bw/9780989496445,https://bci.kinokuniya.com/jsp/images/book-img/97809/97809894/9780989496445.JPG
9,CAR_MO009,009,Cambridge Igcse Mathematics Coursebook Core,"Morrison, Karen","This Cambridge IGCSE (R) Mathematics Core and Extended series has been authored to meet the requirements of the Cambridge IGCSE (R) Mathematics syllabus (0580/0980), for first examination from 2020. It contains detailed explanations of concepts and clear worked examples, followed by practice exercises to allow students to consolidate and practise the required mathematical skills. This edition comes with a two-year subscription to Cambridge Online Mathematics and complements the print coursebook by offering further explanations, interactive worked examples, worksheets and quizzes. Cambridge Online Mathematics also allows teachers to set classroom and homework exercises to individual students or entire classes, with the ability to track student progress. For additional teaching material - such as core and extension worksheets - go to the Cambridge University Press website.",1330,712,Career Academic Textbooks,ENG,167,,,https://thailand.kinokuniya.com/bw/9781108525732,https://bci.kinokuniya.com/jsp/images/book-img/97811/97811085/9781108525732.JPG
10,CAR_HA010,010,Pearson Baccalaureate Physics Higher Level,"Hamper, Chris","This is a completely revised edition of the market-leading Physics textbook for Higher Level. Written for the Science IB Diploma curriculum. Follows the organisational structure of the new Physics guide, with a focus on the Essential Ideas, Understanding, Applications & Skills for complete syllabus-matching. Written by a highly experienced IB author, Chris Hamper, you can be confident that you and your students have all the resources you will need for the new Physics curriculum. This book includes free access to the eBook version. Interactive features include: full text search highlighting bookmarking and note-taking for efficient study and revision extra digital resources, such as videos, quizzes and more What is included? a print textbook an eBook access card.",2835,??,Career Academic Textbooks,ENG,126,,,https://thailand.kinokuniya.com/bw/9781447959021,https://bci.kinokuniya.com/jsp/images/book-img/97814/97814479/9781447959021.JPG
1,ART_CA001,001,The Fashion Design Reference + Specification Book,"Calderin, Jay","Guides students and professionals through the fashion design process, from creating a garment to marketing it, in an updated edition that includes new information on digital technology, portfolio building, and other industry topics.",826,288,Arts / Design / Decoration,ENG,82,,,https://thailand.kinokuniya.com/bw/9781592538508,https://bci.kinokuniya.com/jsp/images/book-img/97815/97815925/9781592538508.JPG
2,ART_ST002,002,Think Like a Street Photographer,"Stuart, Matt","Never does that old maxim ""the harder I practice, the luckier I get"" ring truer.' - Matt Stuart Street photography may look like luck, but you have to get out there and hone your craft if you want to shake up those luck vibes. Matt Stuart never goes out without his trusty Leica and, in a career spanning twenty years, has taken some of the most accomplished, witty and well-known photographs of the streets. From understanding how to be invisible on a busy street, to anticipating a great image in the chaos of a crowd, Matt Stuart reveals in over 20 chapters the hard-won skills and secrets that have led to his greatest shots. He explains his purist and uniquely playful approach to street photography leaving the reader full of ideas to use in their own photography. Illustrated throughout with 100 of Stuart's images, this is a unique opportunity to learn from one of the finest street photographers around.",662,128,Arts / Design / Decoration,ENG,99,,,https://thailand.kinokuniya.com/bw/9781786277282,https://bci.kinokuniya.com/jsp/images/book-img/97817/97817862/9781786277282.JPG
3,ART_FA003,003,Textilepedia,Fashionary,"Textilepedia encompasses practical tips for a range of textiles with detailed visuals – from deciphering different types of materials to understanding your finishing options
A balance between text and imagery; it acts as a quick easy-to-navigate guide – simplifying complicated fabric and fibre information using comparisons and relatable stories",1374,???,Arts / Design / Decoration,ENG,48,,,https://thailand.kinokuniya.com/bw/9789887711094,https://bci.kinokuniya.com/jsp/images/book-img/97898/97898877/9789887711094.JPG
4,ART_AR004,004,New Retro Illustrations,"Artists, Various","“New retro” means “appreciating and enjoying something old while reimagining it into something modern.” This book introduces 40 up-and-coming illustrators working in this “new retro” style. Through the 300 illustrations showcased in this one book, readers can appreciate and enjoy retro culture, items and motifs reimagined and transformed into something new.",1097,?,Arts / Design / Decoration,ENG,61,,,https://thailand.kinokuniya.com/bw/9784756253477,https://bci.kinokuniya.com/jsp/images/book-img/97847/97847562/9784756253477.JPG
5,ART_ZO005,005,"MICHELANGELO: THE COMPLETE PAINTINGS, SCULPTURES AND ARCHITECTURE","ZOLLNER, FRANK","MICHELANGELO: THE COMPLETE PAINTINGS, SCULPTURES AND ARCHITECTURE",674.25,???????,Arts / Design / Decoration,ENG,167,,,https://www.asiabooks.com/michelangelo-the-complete-paintings-sculptures-and-architecture-176446.html,https://www.asiabooks.com/media/catalog/product/cache/1/image/264x/17f82f742ffe127f42dca9de82fb58b1/9/7/9783836537162c_1.jpg
6,ART_ZA006,006,KAWAII DOODLE CLASS,ZAINAB KHAN,"Learn how to draw kawaii (cute!) with this how-to book full of charming food and drink items, elements from nature, doodle monsters, and more! ",511.5,144,Arts / Design / Decoration,ENG,132,,,https://www.asiabooks.com/kawaii-doodle-class-sketching-super-cute-tacos-sushi-clouds-flowers-monster-222952.html,https://www.asiabooks.com/media/catalog/product/cache/1/image/264x/17f82f742ffe127f42dca9de82fb58b1/9/7/9781631063756c.jpg
7,ART_WA007,007,Palette Perfect,"Wager, Lauren","Aimed to fashion students and designers, Palette Perfect is both a practical guide and an inspirational book that proposes a reflection on the universe of colour combinations, the moods and atmospheres they evoke and how we associate particular places and emotions to special colours. Each chapter explores a particular mood and describes the corresponding feelings and colour combinations, using as examples exquisite photographs of objects, still-lives, landscapes, interiors and fashion. At the end of each chapter, a wide variety of palettes representing the chapter's particular mood or atmosphere is included.",882,302,Arts / Design / Decoration,ENG,76,,,https://thailand.kinokuniya.com/bw/9788415967903,https://bci.kinokuniya.com/jsp/images/book-img/97884/97884159/9788415967903.JPG
8,ART_MI008,008,HOW TO DRAW ALMOST EVERYTHING: AN ILLUSTRATED SOURCEBOOK,"MIYATA, CHIKA",Not sure how to start your drawing of a flamingo or a flying squirrel? Businessman? Bat? Baobab tree? How to Draw Almost Everything is here to help!,553.35,240,Arts / Design / Decoration,ENG,3246,,,https://www.asiabooks.com/how-to-draw-almost-everything-an-illustrated-sourcebook-156590.html,https://www.asiabooks.com/media/catalog/product/cache/1/image/264x/17f82f742ffe127f42dca9de82fb58b1/9/7/9781631591402c_3.jpg
9,ART_BA009,009,The Little Book of Chanel,"Baxter-Wright, Emma",A concise and illustrated biography on one of the world's most influential couturiers and founder of a global fashion brand.,590,160,Arts / Design / Decoration,ENG,119,,,https://thailand.kinokuniya.com/bw/9781780979021,https://bci.kinokuniya.com/jsp/images/book-img/97817/97817809/9781780979021.JPG
10,ART_FA010,010,Fashionary Bag Design,Fashionary,"Fashionary Bag Design book is the most practical bag encyclopedia, a complete handbook for bag designers and bag lovers. Differential from ordinary bag design books, the Fashionary Bag Design is a complete handbook focusing on the practical needs of handbag designers.

Fashionary's Bag Design encyclopedia is the most comprehensive resource for bag designers and bag lovers. Focusing on the specific needs of bag designers, Fashionary has provided essential information on bag anatomy, manafacturing, materials and much more in one compact, convenient volume.",1148,??,Arts / Design / Decoration,ENG,144,,,https://thailand.kinokuniya.com/bw/9789887710806,https://bci.kinokuniya.com/jsp/images/book-img/97898/97898877/9789887710806.JPG
11,ART_CH011,011,SPIRITED AWAY: 30 POSTCARDS,CHRONICLE BOOKS,"A must-have for animation fans of all ages, this postcard collection celebrates the award-winning masterpiece Spirited Away from Studio Ghibli, the legendary animation studio in Japan.",381.3,30,Arts / Design / Decoration,ENG,987,,,https://www.asiabooks.com/spirited-away-30-postcards-261294.html,https://www.asiabooks.com/media/catalog/product/cache/1/image/264x/17f82f742ffe127f42dca9de82fb58b1/9/7/9781797204260.jpg
12,ART_CA012,012,Graphic Design for Everyone,"Caldwell, Cath","Use design to transform your ideas into powerful visuals that connect with the right audience, define your brand, or take your project to the next level. Students, entrepreneurs, community groups, social media influencers, bloggers or campaigners: this practical guide is for you, and everyone else who wants to learn how to communicate visually, combining the building blocks of type, photography, illustration, and colour to create designs that inform, influence, and enthral. All the key principles of graphic design are explained via a series of specially created, beautifully streamlined graphics that show, rather than tell, you what you need to know. In addition, detailed how-to demonstrations, hands-on workshops, and inspirational galleries of the best design will help you to achieve your aims, from creating a brand identity or setting the right mood by choosing the best typeface, to organizing the elements of a layout to boost your message and meaning. Ten step-by-step projects help you create your own bespoke designs - for websites, digital newsletters, e-commerce, invitations, posters, sales materials, and more. There's also plenty of practical advice, including tips on publishing online, dealing with printers, commissioning professionals, and finding free design tools. If you're ready to use the power of design to take your personal project or burgeoning business to the next level, Graphic Design for Everyone is a one-stop resource to becoming an effective, inspirational visual communicator.",771,224,Arts / Design / Decoration,ENG,33,,,https://thailand.kinokuniya.com/bw/9780241343814,https://bci.kinokuniya.com/jsp/images/book-img/97802/97802413/9780241343814.JPG
13,ART_BE013,013,MINI PUSHEEN COL. BOOK,"BELTON, CLAIRE","Pusheen returns in a delightful, miniature coloring book with one-sided, perforated pages for fans of I Am Pusheen the Cat. The Internet's favorite chubby, tubby tabby is back in this miniature version of the Pusheen Coloring Book, now with perforated pages so you can easily tear out your creations to share and show-off--purr-fect for cat lovers and coloring book fans everywhere! ",265.05,96,Arts / Design / Decoration,ENG,12,,,https://www.asiabooks.com/mini-pusheen-col-book-176575.html,https://www.asiabooks.com/media/catalog/product/cache/1/image/264x/17f82f742ffe127f42dca9de82fb58b1/9/7/9781501180972c_4.jpg
1,ADM_ฮิ001,001,ป่านิทรา,ฮิงาชิโนะ เคโงะ,นายตำรวจคางะกับรุ่นพี่ ต้องเข้าไปร่วมสืบสวนในคดีที่นักเต้นรำสาวในคณะบัลเลต์ทาคายานางิ เธอพลั้งมือฆ่าชายปริศนาที่เล็ดลอดเข้าไปในสถานฝึก ด้วยจุดประสงค์ที่ไม่ชัดแจ้ง ซึ่งเป็นการป้องกันตัวโดยชอบแต่คดีที่น่าจะปิดได้ง่ายๆ กลับยืดเยื้อ ตามด้วยการฆาตกรรมซ้ำซ้อน แฝงปริศนายากจะเข้าใจ ในคณะบัลเลต์เต็มไปด้วยเหล่าสาวน้อยแสนสวยผู้ซุกซ่อนความลับไว้ ราวกับเถากุหลาบอายุนับร้อยปี แห่งป่านิทราที่ปกป้องปราสาทซึ่งมีเจ้าหญิงต้องคำสาป หลับใหล รอจุมพิตเจ้าชายปลุกให้ฟื้นตื่นจากนิทรา,256.5,268,Administration / Management,ENG,587,,,https://www.naiin.com/product/detail/524545,https://storage.naiin.com/system/application/bookstore/resource/product/202104/524545/1000240522_front_XXL.jpg?imgname=%E0%B8%9B%E0%B9%88%E0%B8%B2%E0%B8%99%E0%B8%B4%E0%B8%97%E0%B8%A3%E0%B8%B2
2,ADM_ฮิ002,002,รหัสลับพันธุกรรมฆาตกร,ฮิงาชิโนะ เคโงะ,สิ่งที่เรียกว่า Platina Data สุดท้ายแล้วอะไรคือสิ่งที่เชื่อถือได้กันแน่ ระหว่างจิตใจมนุษย์กับจักรกลอัจฉริยะที่ไม่เคยผิดพลาด,332.1,392,Administration / Management,ENG,1777,,,https://www.naiin.com/product/detail/517307,https://storage.naiin.com/system/application/bookstore/resource/product/202011/517307/1000237936_front_XXL.jpg?imgname=%E0%B8%A3%E0%B8%AB%E0%B8%B1%E0%B8%AA%E0%B8%A5%E0%B8%B1%E0%B8%9A%E0%B8%9E%E0%B8%B1%E0%B8%99%E0%B8%98%E0%B8%B8%E0%B8%81%E0%B8%A3%E0%B8%A3%E0%B8%A1%E0%B8%86%E0%B8%B2%E0%B8%95%E0%B8%81%E0%B8%A3-PLATINA-DATA
3,ADM_ฮิ003,003,พาเหรดแห่งความเงียบงัน,ฮิงาชิโนะ เคโงะ,หญิงสาวทายาทคนโตของร้านอาหาร เจ้าของเสียงสวรรค์ผู้โดดเด่นและเป็นที่รักใคร่ของคนในย่านนั้นได้หายตัวไปอย่างปริศนา หลายปีต่อมาถูกพบเป็นศพในบ้านที่เกิดเพลิงไหม้ ผู้ต้องสงสัยคือชายที่คุซานางิไม่อาจเอาผิดได้ในคดีเก่า ฆาตกรรมเด็กหญิง ซึ่งคราวนี้หลักฐานก็ยังไม่พอที่จะเอาผิดฆาตกรผู้นี้ ท่ามกลางบรรยากาศที่เต็มไปด้วยความโศกเศร้าและโกรธแค้นวันงานพาเหรดเทศกาลฤดูใบไม้ร่วงก็มาถึง ละครแห่งการล้างแค้นได้เริ่มต้นขึ้น ศาสตราจารย์ยุกาว่า มานาบุ หัวหน้าหน่วยคุซางางิ ชุนเปและนายตำรวจหญิงคาโอรุ จะต้องเผชิญหน้ากับงานที่โหดหิน ปมปริศนาซับซ้อนที่มีทั้งความรัก การตีจาก และการอำพรางอันแยบยล,315,??????,Administration / Management,ENG,100,,,https://www.asiabooks.com/241867.html,https://www.asiabooks.com/media/catalog/product/cache/1/image/264x/17f82f742ffe127f42dca9de82fb58b1/9/7/9786164480223.jpg
4,ADM_อะ004,004,เทคนิคสรุปทุกอย่างลงในกระดาษแผ่นเดียว ที่ฉันเรียนรู้มาจากโตโยต้า,อะซะดะ ซุงุรุ,"โตโยต้า เป็นบริษัทผลิตรถยนต์ระดับโลกที่ประสบความสำเร็จมาอย่างยาวนาน หลายคนเชื่อว่าแนวคิดที่อยู่เบื้องหลังความสำเร็จของโตโยต้าจะต้องซับซ้อนเข้าใจยาก...แต่จริงๆ แล้วมันไม่ได้มีอะไรซับซ้อนเลย พวกเขาแค่ทำงานด้วยการสรุปทุกอย่างลงในกระดาษแผ่นเดียว! อะซะดะ ซุงุรุ ที่ปรึกษาด้านการบริหารชื่อดังของญี่ปุ่น ได้ศึกษาวิธีการทำงานของพนักงานโตโยต้าอย่างละเอียด และถ่ายทอดออกมาเป็นเทคนิค สรุปทุกอย่างลงในกระดาษแผ่นเดียว ที่ไม่เพียงช่วยให้คุณทำงานได้มากขึ้นในเวลาที่น้อยลง แต่ยังทำให้คุณเรียบเรียงความคิดและสื่อสารได้ดีขึ้น ในแบบที่คาดไม่ถึงอีกด้วย ไม่ว่าจะเป็น ประโยคชี้นำแบบโตโยต้า ที่ทำให้อีกฝ่ายคล้อยตามอย่างได้ผล, กลเม็ดการเตรียมเอกสารให้ทุกฝ่ายตัดสินใจใน 3 วินาที, แค่ใช้รูปทรงเรขาคณิตมาช่วยจัดลำดับความสำคัญ คุณก็จะลดเวลาทำงานลงได้วันละ 2 ชั่วโมง, วิธีใช้ปากกา 3 สี เพื่อช่วยให้เรียบเรียงความคิดได้ดีขึ้นเป็น 10 เท่า และอื่นๆ อีกมากมาย แล้วคุณจะพบว่า แค่ใช้กระดาษแผ่นเดียวให้คล่อง คุณก็พลิกชีวิตการทำงานของคุณให้ดีขึ้นได้ แบบหน้ามือเป็นหลังมือเลยทีเดียว!",157.5,219,Administration / Management,ENG,31,,,https://www.naiin.com/product/detail/180646,https://storage.naiin.com/system/application/bookstore/resource/product/201511/180646/1000179612_front_XXL.jpg?imgname=%E0%B9%80%E0%B8%97%E0%B8%84%E0%B8%99%E0%B8%B4%E0%B8%84%E0%B8%AA%E0%B8%A3%E0%B8%B8%E0%B8%9B%E0%B8%97%E0%B8%B8%E0%B8%81%E0%B8%AD%E0%B8%A2%E0%B9%88%E0%B8%B2%E0%B8%87%E0%B8%A5%E0%B8%87%E0%B9%83%E0%B8%99%E0%B8%81%E0%B8%A3%E0%B8%B0%E0%B8%94%E0%B8%B2%E0%B8%A9%E0%B9%81%E0%B8%9C%E0%B9%88%E0%B8%99%E0%B9%80%E0%B8%94%E0%B8%B5%E0%B8%A2%E0%B8%A7-%E0%B8%97%E0%B8%B5%E0%B9%88%E0%B8%89%E0%B8%B1%E0%B8%99%E0%B9%80%E0%B8%A3%E0%B8%B5%E0%B8%A2%E0%B8%99%E0%B8%A3%E0%B8%B9%E0%B9%89%E0%B8%A1%E0%B8%B2%E0%B8%88%E0%B8%B2%E0%B8%81%E0%B9%82%E0%B8%95%E0%B9%82%E0%B8%A2%E0%B8%95%E0%B9%89%E0%B8%B2
5,ADM_ปุ005,005,ขโมยเงินจาก FACEBOOK,ปุญชรัสมิ์ กิตินิรันดร์กูล,เครื่องมือมีให้ทุกคนผ่อนแรงแค่ใช้ให้เป็น หนังสือเล่มนี้คือคัมภีร์ทางลัดที่ให้ทุกคนเดินตามแบบไม่ต้องเสียเวลาลองผิดลองถูก เพราะปาล์มต้องการให้ทุกคนใช้เวลาทุกนาทีให้คุ้มค่าสำเร็จให้เร็วที่สุด เพื่อเวลาที่เหลือจะได้ใช้ชีวิตอย่างที่ตัวเองต้องการ นั่นคือเจตนาและแนวทางที่ปาล์มกลั่นกรองออกมาให้ทุกคนและโลกใบนี้,280.25,264,Administration / Management,ENG,145,,,https://www.asiabooks.com/facebook-257080.html,https://www.asiabooks.com/media/catalog/product/cache/1/thumbnail/75x99/17f82f742ffe127f42dca9de82fb58b1/9/7/9786168235164.jpg
6,ADM_นฤ006,006,วิเคราะห์หุ้นราย SECTOR : หุ้นกลุ่มการแพทย์,นฤมล เอกสมุทร,การวิเคราะห์ปัจจัยพื้นฐานเบื้องต้นแก่ผู้ที่สนใจ เพื่อนำไปเป็นแนวทางในการวิเคราะห์ และพิจารณาการลงทุนในบริษัทจดทะเบียนในตลาดหลักทรัพย์แห่งประเทศไทย โดยเนื้อหาในหนังสือเล่มนี้ผู้เขียนมีความตั้งใจแบ่งปันและถ่ายทอดประสบการณ์ในการวิเคราะห์หุ้นกลุ่มการแพทย์จากการทำงานจริงบนอาชีพนักวิเคราะห์หลักทรัพย์กลุ่มนี้มามากกว่า 10 ปี,152,156,Administration / Management,ENG,321,,,https://www.asiabooks.com/sector-246485.html,https://www.asiabooks.com/media/catalog/product/cache/1/image/264x/17f82f742ffe127f42dca9de82fb58b1/1/0/1000229199_front_xxl.jpg
7,ADM_ทอ007,007,เทคนิคขายบนโลกดิจิทัล,ทอม มาร์ติน,หนังสือเล่มนี้ไม่ได้แนะนำเทคนิคหรือวิธีการอะไรที่สูงเสียดฟ้า จนต้องเอาทีมหรือจ้างคนมาช่วยเหลือมากมาย เพื่อทำให้มันสำเร็จ แต่มันเป็นเพียงแนวทางให้คุณเดินต่อไปด้วยความรู้ ความเข้าใจ โดยมีเครื่องมือ วิธี เทคนิคที่ช่วยให้คุณสร้างสิ่งที่เรียกว่า Invisible Sales และ Painless Propecthing ทุกๆ บทนั้นถูกสร้างสรรค์มาให้คุณเดินตามเพื่อบรรลุเป้าหมายได้อย่างง่ายดาย,315,456,Administration / Management,ENG,57,,,https://www.naiin.com/product/detail/473485,https://storage.naiin.com/system/application/bookstore/resource/product/201902/473485/1000216061_front_XXL.jpg?imgname=%E0%B9%80%E0%B8%97%E0%B8%84%E0%B8%99%E0%B8%B4%E0%B8%84%E0%B8%82%E0%B8%B2%E0%B8%A2-%E0%B8%9A%E0%B8%99-%E0%B9%82%E0%B8%A5%E0%B8%81%E0%B8%94%E0%B8%B4%E0%B8%88%E0%B8%B4%E0%B8%97%E0%B8%B1%E0%B8%A5-THE-INVISIBLE-SALE
8,ADM_ทร008,008,NINE LEVES THE BROKEN SONG,ทรงศีล ทิวสมบุญ,"ท่ามกลางป่าลึกแห่งหนึ่ง ในปีที่หนึ่งร้อยยี่สิบเก้าแห่งชีวิตอมตะของแมวสีเทาผู้ไม่เคยรู้จักความรัก มันได้พบกับบทเพลงปริศนา

ซึ่งซ่อนอดีตแตกร้าวไว้ในท่วงทำนองอันแตกพัง เมื่อนั้น การไขว่คว้าหัวใจที่สูญหาย และความหมายของความรักจึงเริ่มต้นขึ้น",557.1,120,Administration / Management,ENG,118,,,https://www.naiin.com/product/detail/232576,https://storage.naiin.com/system/application/bookstore/resource/product/201804/232576/1000206309_front_XXL.jpg?imgname=NINE-LEVES-THE-BROKEN-SONG
9,ADM_ซา009,009,ร้านขนมแห่งความลับ,ซากากิ สึคาสะ,"เคียวโกะ เรียนจบม.ปลาย แต่ยังไม่รู้ว่าจะทำอะไรต่อดี เพราะไม่คิดจะเรียนต่อมหาวิทยาลัย ขณะที่เดินหางาน ก็ผ่านร้านขนมชื่อ มิตสึยะ จึงเขาไปสมัครงาน และได้รับชื่อจากเจ้าของร้าน ที่เขียนจากชื่อเธอว่า เคียวโกะ เป็น อันโกะ จากนั้นเธอจึงให้คนอื่นเรียกชื่อเธอว่า อันน์ ในร้านนังมีพนักงานหนุ่มอีกสามคน ซึ่งมีบุคลิคต่างกันออกๆไป ซึ่งอันโกะ จะได้พบกับปริศนาปัญหาชีวิตของลูกค้าที่มาซื้อขนม และเธอก้ได้เป็นส่วนหนึ่งในการร่วมคลี่คลายปริศนาใจเหล่านั้น

""อันโกะ"" ที่เข้ามาทำงานพาร์ตไทม์ในร้านขนมมิตสึยะ ร้านขนมที่ไม่เหมือนใคร เพราะจะมีขนมขายตามฤดูกาลเท่านั้น นอกจากนี้ในร้านยังเป็นศูนย์รวมของหนุ่มหล่ออีก 3 คน ที่ต่างมีปมในใจ อันโกะจึงต้องไขปริศนาชีวิตทั้งจากลูกค้าและเพื่อนร่วมงานด้วยขนม",265.5,326,Administration / Management,ENG,250,,,https://www.naiin.com/product/detail/506970,https://storage.naiin.com/system/application/bookstore/resource/product/202006/506970/1000233334_front_XXL.jpg?imgname=%E0%B8%A3%E0%B9%89%E0%B8%B2%E0%B8%99%E0%B8%82%E0%B8%99%E0%B8%A1%E0%B9%81%E0%B8%AB%E0%B9%88%E0%B8%87%E0%B8%84%E0%B8%A7%E0%B8%B2%E0%B8%A1%E0%B8%A5%E0%B8%B1%E0%B8%9A
10,ADM_จอ010,010,คิดอย่าง AMAZON,จอห์น รอสส์แมน,"การกลายเปลี่ยนสู่ดิจิทัลไม่ใช่เรื่องของเทคโนโลยี มันคือการแข่งขันอย่างแตกต่าง ด้วยวิถีปฏิบัติชั้นเลิศเพื่อตอบสนองลูกค้าอย่างไร้ที่ติ ปรัชญาเรียบง่ายที่ทำให้ amazon ร้ายขายหนังสือออนไลน์กลายสู่อาณาจักรดิจิทัลมูลค่าล้านล้านดอลลาร์ ราชาแห่งอีคอมเมิร์ซและคลาวด์เซอร์วิส ไปจนถึงคอนเทนต์สตรีมมิ่ง สำนักพิมพ์ และร้านค้าอัจฉริยะ


จอห์น รอสส์แมน อดีตผู้บริหารแอมะซอน ถอดแก่นแท้ของ Digital Transformation ที่นำพาความยิ่งใหญ่มาสู่แอมะซอนอย่างไม่อาจหยุดยั้งและสำคัญยิ่งยวดต่อธุรกิจทุกแบบในยุคนี้.",327.75,404,Administration / Management,ENG,97,,,https://www.asiabooks.com/amazon-256421.html,https://www.asiabooks.com/media/catalog/product/9/7/9786161837044.jpg
1,LIT_KA001,001,Before the Coffee Gets Cold,"Kawaguchi, Toshikazu","In a small back alley in Tokyo, there is a café which has been serving carefully brewed coffee for more than one hundred years. But this coffee shop offers its customers a unique experience: the chance to travel back in time.

In Before the Coffee Gets Cold, we meet four visitors, each of whom is hoping to make use of the café's time-travelling offer, in order to: confront the man who left them, receive a letter from their husband whose memory has been taken by early onset Alzheimer's, to see their sister one last time, and to meet the daughter they never got the chance to know.

But the journey into the past does not come without risks: customers must sit in a particular seat, they cannot leave the café, and finally, they must return to the present before the coffee gets cold...

Toshikazu Kawaguchi's beautiful, moving story explores the age-old question: what would you change if you could travel back in time? More importantly, who would you want to meet, maybe for one last time?",326,208,Literature,ENG,666,,,https://thailand.kinokuniya.com/bw/9781529029581,https://bci.kinokuniya.com/jsp/images/book-img/97815/97815290/9781529029581.JPG
2,LIT_OR002,002,1984,"Orwell, George",-,312,??,Literature,ENG,21,,,https://thailand.kinokuniya.com/bw/9781785996313,https://bci.kinokuniya.com/jsp/images/book-img/97817/97817859/9781785996313.JPG
3,LIT_SH003,003,Spring Garden,"Shibasaki, Tomoka ","Winner of the Akutagawa Prize, a sharp, photo-realistic novella of memory and thwarted hope Divorced and cut off from his family, Taro lives alone in one of the few occupied apartments in his block, a block that is to be torn down as soon as the remaining tenants leave. Since the death of his father, Taro keeps to himself, but is soon drawn into an unusual relationship with the woman upstairs, Nishi, as she passes on the strange tale of the sky-blue house next door. First discovered by Nishi in the little-known photo-book 'Spring Garden', the sky-blue house soon becomes a focus for both Nishi and Taro: of what is lost, of what has been destroyed, and of what hope may yet lie in the future for both of them, if only they can seize it.",238,154,Literature,ENG,124,,,https://thailand.kinokuniya.com/bw/9781782272700,https://bci.kinokuniya.com/jsp/images/book-img/97817/97817822/9781782272700.JPG
4,LIT_RO004,004,The Siren Song (Pirates of the Caribbean: Jack Sparrow #2),Rob Kidd,"Meet Jack Sparrow and his young pirate friends as they embark on a thrilling journey on the high seas. Their goal: to locate and procure the legendary Sword of Cortés, which will grant them unimaginable power. Captain Jack Sparrow's ship, the Barnacle, and its up-till-now unshakable crew have suddenly fallen under a sinister spell. While continuing their quest for the storied Sword of Cortés, the crew suddenly finds itself entranced by an ethereal song. As a result, each of them attempts to take the Barnacle in a different direction--and away from the Sword's supposed location. Only Jack seems unaffected by the strange song, but can he both subdue his crew and defeat the mysterious force behind the spell? Spotlight is a division of ABDO and features licensed editions of popular fiction printed and bound specifically for the library market. Each Spotlight book is printed on the highest quality paper with reinforced library bindings.",474.52,122,Literature,ENG,50,,,https://www.amazon.com/Book-Siren-Pirates-Caribbean-Sparrow/dp/159961524X/ref=tmm_hrd_swatch_0?_encoding=UTF8&qid=&sr=,"https://images-na.ssl-images-amazon.com/images/I/51ZMEybou+L._SX361_BO1,204,203,200_.jpg"
5,LIT_RO005,005,The Pirate Chase (Pirates of the Caribbean: Jack Sparrow #3),Rob Kidd,"Jack and company are hot on the trail of the notorious pirate Left Foot Louis, who they believe is currently in possession of the Sword of Corts, but the newly appointed first mate Arabella has a personal score to settle with Louis that could jeopardize the entire mission. Original.",187.48,128,Literature,ENG,55,,,https://www.amazon.com/Turtleback-Library-Binding-Pirates-Caribbean/dp/141779657X/ref=tmm_hrd_swatch_0?_encoding=UTF8&qid=&sr=,"https://images-na.ssl-images-amazon.com/images/I/51g2SoUoJ1L._SX345_BO1,204,203,200_.jpg"
6,LIT_RO006,006,"The Coming Storm (Pirates of the Caribbean: Jack Sparrow, #1)",Rob Kidd,"Teenage stowaway Jack Sparrow and his band of ragtag hoodlums are on a mission to find the legendary Sword of Cortés which will grant them unimaginable power, but first they have to survive the power of the sea, vicious pirates, and ancient curses. Original.",179.60,144,Literature,ENG,45,,,https://www.amazon.com/Coming-Storm-Pirates-Caribbean-Sparrow/dp/1423100182/ref=rtpb_1?pd_rd_w=oCQQD&pf_rd_p=be844577-fee7-4bbc-8dda-083e56cc6f0d&pf_rd_r=XQ8MZE36RG4RVS5EKN3C&pd_rd_r=a5ea11bc-1784-4cb5-a0f9-85f2dab74c8d&pd_rd_wg=GF6Dx&pd_rd_i=1423100182&psc=1,"https://images-na.ssl-images-amazon.com/images/I/51pZM99AsZL._SX329_BO1,204,203,200_.jpg"
7,LIT_PA007,007,19TH CHRISTMAS,"PATTERSON, JAMES","Christmas is coming, but crime never stops for the Women's Murder Club. Sergeant Lindsay Boxer is looking forward to spending time with her family over the holidays. But when she receives a tip-off that the biggest heist ever to hit San Francisco is being planned for Christmas Day, everything changes. The architect of the ambitious attack unleashes chaos across the city, laying traps and false alarms to distract Lindsay and the SFPD from his ultimate goal. As time runs out, will Lindsay be able to save the people of San Francisco from a Christmas they'd never forget?",302.25,384,Literature,ENG,741,,,https://www.asiabooks.com/19th-christmas-255493.html,https://www.asiabooks.com/media/catalog/product/cache/1/image/264x/17f82f742ffe127f42dca9de82fb58b1/9/7/9781787461840.jpg
8,LIT_OR008,008,ANIMAL FARM,"ORWELL, GEORGE","The international bestselling classic from the author of Nineteen Eighty-Four. The animals at Manor Farm have had enough of Farmer Jones – he’s drunk, he’s reckless and he cares little for the welfare of his animals. When Old Major, the old boar, calls a meeting, the animals are enthralled by his revolutionary plans, convinced that with the despot Jones overthrown, they can thrive on their own.",265.05,144,Literature,ENG,344,,,https://www.asiabooks.com/animal-farm-262548.html,https://www.asiabooks.com/media/catalog/product/cache/1/image/264x/17f82f742ffe127f42dca9de82fb58b1/9/7/9780008442637.jpg
9,LIT_OG009,009,The Memory Police,"Ogawa, Yoko",An Orwellian novel about the terrors of state surveillance finds a young novelist hiding her editor from mysterious authorities who would erase all memories of people who once existed.,316,274,Literature,ENG,36,,,https://thailand.kinokuniya.com/bw/9781101911815,https://bci.kinokuniya.com/jsp/images/book-img/97811/97811019/9781101911815.JPG
10,LIT_MU010,010,Audition,"Murakami, Ryu","Documentary-maker Aoyama hasn't dated anyone in the seven years since the death of his beloved wife, Ryoko. Now even his teenage son Shige has suggested he think about remarrying. So when his best friend Yoshikawa comes up with a plan to hold fake film auditions so that Aoyama can choose a new bride, he decides to go along with the idea. Of the thousands who apply, Aoyama only has eyes for Yamasaki Asami, a young, beautiful, delicate and talented ballerina with a turbulent past. But there is more to her than Aoyama, blinded by his infatuation, can see, and by the time he discovers the terrifying truth it may be too late Ryu Murakami delivers his most subtle and disturbing novel yet, confirming him as Japan's master of the psycho-thriller.",454,??,Literature,ENG,99,,,https://thailand.kinokuniya.com/bw/9781408800720,https://bci.kinokuniya.com/jsp/images/book-img/97814/97814088/9781408800720.JPG
11,LIT_BA011,011,Six of Crows,"Bardugo, Leigh","Nominated for the CILIP Carnegie Medal 2017, this fantasy epic from the No. 1 NEW YORK TIMES bestselling author of the Grisha trilogy is gripping, sweeping and memorable - perfect for fans of George R. R. Martin, Laini Taylor and Kristin Cashore.",408,??,Literature,ENG,74,,,https://thailand.kinokuniya.com/bw/9781780622286,https://bci.kinokuniya.com/jsp/images/book-img/97817/97817806/9781780622286.JPG
12,LIT_KI012,012,IF IT BLEEDS,"KING, STEPHEN","The novella is a form King has returned to over and over again in the course of his amazing career, and many have been made into iconic films, including &;The Body&; (Stand By Me) and &;Rita Hayworth and Shawshank Redemption&; (Shawshank Redemption). Like Four Past Midnight, Different Seasons, and most recently Full Dark, No Stars, If It Bleeds is a uniquely satisfying collection of longer short fiction by an incomparably gifted writer.",581.25,576,Literature,ENG,65,,,https://www.asiabooks.com/if-it-bleeds-252432.html,https://www.asiabooks.com/media/catalog/product/cache/1/image/264x/17f82f742ffe127f42dca9de82fb58b1/9/7/9781982150297.jpg
13,LIT_KI013,013,Rich Dad Poor Dad (20th Anniversary),"Kiyosaki, Robert T.","It's been nearly 25 years since Robert Kiyosaki's Rich Dad Poor Dad first made waves in the Personal Finance arena. It has since become the #1 Personal Finance book of all time... translated into dozens of languages and sold around the world. Rich Dad Poor Dad is Robert's story of growing up with two dads his real father and the father of his best friend, his rich dad and the ways in which both men shaped his thoughts about money and investing. The book explodes the myth that you need to earn a high income to be rich and explains the difference between working for money and having your money work for you. 20 Years... 20/20 Hindsight In the 20th Anniversary Edition of this classic, Robert offers an update on what we've seen over the past 20 years related to money, investing, and the global economy. Sidebars throughout the book will take readers ""fast forward"" from 1997 to today as Robert assesses how the principles taught by his rich dad have stood the test of time. In many ways, the messages of Rich Dad Poor Dad, messages that were criticized and challenged two decades ago, are more meaningful, relevant and important today than they were 20 years ago. As always, readers can expect that Robert will be candid, insightful... and continue to rock more than a few boats in his retrospective. Will there be a few surprises? Count on it. Rich Dad Poor Dad... Explodes the myth that you need to earn a high income to become rich Challenges the belief that your house is an asset Shows parents why they can't rely on the school system to teach their kids about money Defines once and for all an asset and a liability Teaches you what to teach your kids about money for their future financial success",284,352,Literature,ENG,75,,,https://thailand.kinokuniya.com/bw/9781612680194?no_flag=true,https://bci.kinokuniya.com/jsp/images/book-img/97816/97816126/9781612680194.JPG
14,LIT_KE014,014,DIE ALONE,"KERNICK, SIMON",DIE ALONE,260,400,Literature,ENG,321,,,https://www.asiabooks.com/die-alone-249768.html,https://www.asiabooks.com/media/catalog/product/cache/1/image/264x/17f82f742ffe127f42dca9de82fb58b1/9/7/9781784752316.jpg
1,ADM_DA001,001,How to Win Friends and Influence People,Dale Carnegie,-,309,??,Administration / Management,ENG,69,,,https://thailand.kinokuniya.com/bw/9780091906351,https://bci.kinokuniya.com/jsp/images/book-img/97800/97800919/9780091906351.JPG
2,ADM_CL002,002,"RICHEST MAN IN BABYLON, THE","CLASON, GEORGE S.","Countless readers have been helped by the famous,Babylonian parables, hailed as the greatest of,all inspirational works on the subject of thrift,financial planning and personal wealth. in simple,language, these fascinating and informative,stories will set readers on a sure path to,prosperity and its accompanying joys.",274.35,160,Administration / Management,ENG,971,,,https://www.asiabooks.com/richest-man-in-babylon-the-7355.html,https://www.asiabooks.com/media/catalog/product/cache/1/thumbnail/75x99/17f82f742ffe127f42dca9de82fb58b1/9/7/9780451205360c_2.png
3,ADM_CH003,003,ใช้เงินน้อยกว่าแต่รวยก่อน,Chris Guillebeau,"ไม่มีเงินทุน ไม่มีเวลา ไม่ใช่ปัญหา พบกับวิธีสร้างธุรกิจแนวใหม่ที่กำลังได้รับความนิยมไปทั่วโลกใช้เงินน้อยลง ได้กำไรมากขึ้น มีอิสระที่จะใช้ชีวิตในแบบที่ต้องการ Chris Guillebeau ได้ทำการศึกษาเจ้าของกิจการนับพันราย ซึ่งสร้างธุรกิจที่ทำเงินได้ไม่ขาดสายด้วยเงินทุนไม่ถึง 100 ดอลลาร์ เขาได้ถอดบทเรียนความสำเร็จและวิธีคิดที่คนกลุ่มนี้มีร่วมกัน จากนั้นจึงสรุปออกมาเป็นเคล็ดลับที่ไม่ว่าใครก็นำไปใช้ได้ทันที ตัวอย่างเช่น วิธีเปลี่ยนงานอดิเรกให้กลายเป็นธุรกิจที่ทำกำไรได้ตลอดชีวิต วิธีทำเงินมหาศาลจากตารางเวลาทำงานที่ ""ตัวคุณ"" เป็นคนกำหนดเอง วิธีทำธุรกิจจากประเทศใดในโลกก็ได้ที่คุณต้องการ วิธีสร้างธุรกิจที่ทำเงินเป็นกอบเป็นกำขึ้นมาจาก ""ปัญหา"" ของคนรอบตัว วิธีขยายธุรกิจให้เติบโตเป็นร้อยเท่า โดยมี ""คุณ"" เป็นพนักงานเพียงคนเดียว วิธีสร้างธุรกิจและเที่ยวรอบโลกไปพร้อมๆ กัน",252,347,Administration / Management,ENG,111,,,https://www.naiin.com/product/detail/214261,https://storage.naiin.com/system/application/bookstore/resource/product/201705/214261/1000196703_front_XXL.jpg?imgname=%E0%B9%83%E0%B8%8A%E0%B9%89%E0%B9%80%E0%B8%87%E0%B8%B4%E0%B8%99%E0%B8%99%E0%B9%89%E0%B8%AD%E0%B8%A2%E0%B8%81%E0%B8%A7%E0%B9%88%E0%B8%B2%E0%B9%81%E0%B8%95%E0%B9%88%E0%B8%A3%E0%B8%A7%E0%B8%A2%E0%B8%81%E0%B9%88%E0%B8%AD%E0%B8%99
4,ADM_ J004,004,Harry Potter and the Chamber of Secrets (2)," J.K. Rowling, Mary GrandPré","The Dursleys were so mean that hideous that summer that all Harry Potter wanted was to get back to the Hogwarts School for Witchcraft and Wizardry. But just as he's packing his bags, Harry receives a warning from a strange, impish creature named Dobby who says that if Harry Potter returns to Hogwarts, disaster will strike.",219.93,341,Administration / Management,ENG,75,,,https://www.amazon.com/Harry-Potter-Chamber-Secrets-Rowling/dp/0439064872/ref=rtpb_1?pd_rd_w=cbwj4&pf_rd_p=be844577-fee7-4bbc-8dda-083e56cc6f0d&pf_rd_r=AST5HV2NBDA8SAFRW8PA&pd_rd_r=751371ae-609f-42bd-aa69-d434e4961d9e&pd_rd_wg=6WXmc&pd_rd_i=0439064872&psc=1,"https://images-na.ssl-images-amazon.com/images/I/51jNORv6nQL._SX340_BO1,204,203,200_.jpg"
5,ADM_ J005,005,Harry Potter and the Prisoner of Azkaban (3)," J.K. Rowling, Mary GrandPré","For twelve long years, the dread fortress of Azkaban held an infamous prisoner named Sirius Black. Convicted of killing thirteen people with a single curse, he was said to be the heir apparent to the Dark Lord, Voldemort.",178.65,448,Administration / Management,ENG,55,,,https://www.amazon.com/Harry-Potter-Prisoner-Azkaban-Rowling/dp/0439136369/ref=pd_sim_1?pd_rd_w=EJ1Uj&pf_rd_p=9f9c7b1e-ba1c-443b-95be-b0ddc664f871&pf_rd_r=KK0ASRVF63XE6ATBNJGM&pd_rd_r=85fcb704-d064-432e-a5c3-fd0d798836bf&pd_rd_wg=NgS6O&pd_rd_i=0439136369&psc=1,"https://images-na.ssl-images-amazon.com/images/I/51O4sQ1jsCL._SX373_BO1,204,203,200_.jpg"
6,ADM_ J006,006,Harry Potter and the Sorcerer's Stone," J.K. Rowling, Mary GrandPré","Harry Potter's life is miserable. His parents are dead and he's stuck with his heartless relatives, who force him to live in a tiny closet under the stairs. But his fortune changes when he receives a letter that tells him the truth about himself: he's a wizard. A mysterious visitor rescues him from his relatives and takes him to his new home, Hogwarts School of Witchcraft and Wizardry.",210.16,309,Administration / Management,ENG,70,,,https://www.amazon.com/Harry-Potter-Sorcerers-Stone-Rowling/dp/059035342X,"https://images-na.ssl-images-amazon.com/images/I/51HSkTKlauL._SX346_BO1,204,203,200_.jpg"
7,ADM_	H007,007,The Merry Adventures of Robin Hood,	Howard Pyle,"Following Sterling's spectacularly successful launch of its children's classic novels (240,000 books in print to date),comes a dazzling new series: Classic Starts. The stories are abridged; the quality is complete. Classic Starts treats the world's beloved tales (and children) with the respect they deserve--all at an incomparable price.",278.5,192,Administration / Management,ENG,44,,,https://www.amazon.com/Adventures-Robin-Hood-Classic-Starts/dp/140271257X,"https://images-na.ssl-images-amazon.com/images/I/418THuMtOVL._SX341_BO1,204,203,200_.jpg"
8,ADM_008,008,,,,,,Administration / Management,ENG,,,,,
9,ADM_009,009,,,,,,Administration / Management,ENG,,,,,
10,ADM_010,010,,,,,,Administration / Management,ENG,,,,,
11,ADM_011,011,,,,,,Administration / Management,ENG,,,,,
12,ADM_012,012,,,,,,Administration / Management,ENG,,,,,
13,ADM_013,013,,,,,,Administration / Management,ENG,,,,,
1,_01,01,,,,,,,ENG,,,,,
2,_02,02,,,,,,,ENG,,,,,
3,_03,03,,,,,,,ENG,,,,,
4,_04,04,,,,,,,ENG,,,,,
5,_05,05,,,,,,,ENG,,,,,
6,_06,06,,,,,,,ENG,,,,,
7,_07,07,,,,,,,ENG,,,,,
8,_08,08,,,,,,,ENG,,,,,
9,_09,09,,,,,,,ENG,,,,,
10,_010,010,,,,,,,ENG,,,,,
11,_011,011,,,,,,,ENG,,,,,
12,_012,012,,,,,,,ENG,,,,,
13,_013,013,,,,,,,ENG,,,,,
14,_014,014,,,,,,,ENG,,,,,
,_,,,,,,,,,,,,,
,_,,,,,,,,,,,,,
,_,,,,,,,,,,,,,
,_,,,,,,,,,,,,,
,_,,,,,,,,,,,,,
,_,,,,,,,,,,,,,
,_,,,,,,,,,,,,,
,_,,,,,,,,,,,,,
,_,,,,,,,,,,,,,
,_,,,,,,,,,,,,,
,_,,,,,,,,,,,,,
,_,,,,,,,,,,,,,
,_,,,,,,,,,,,,,